filename,width,height,class,xmin,ymin,xmax,ymax
R (1).jpg,800,600,RipenTomato,34,164,291,412
R (1).jpg,800,600,RipenTomato,307,224,619,484
R (10).jpg,800,600,RipenTomato,268,274,618,512
R (10).jpg,800,600,RipenTomato,105,189,404,429
R (10).jpg,800,600,RipenTomato,432,164,716,382
R (100).jpg,800,600,RipenTomato,436,212,790,552
R (100).jpg,800,600,RipenTomato,193,166,524,470
R (101).jpg,800,600,RipenTomato,77,26,754,566
R (102).jpg,800,600,RipenTomato,85,91,752,552
R (103).jpg,800,600,RipenTomato,138,52,470,346
R (103).jpg,800,600,RipenTomato,408,154,698,540
R (104).jpg,800,600,RipenTomato,57,51,435,509
R (104).jpg,800,600,RipenTomato,417,49,800,562
R (105).jpg,800,600,RipenTomato,80,37,336,298
R (105).jpg,800,600,RipenTomato,482,174,735,419
R (105).jpg,800,600,RipenTomato,358,379,684,569
R (106).jpg,800,600,RipenTomato,95,108,335,410
R (106).jpg,800,600,RipenTomato,414,304,647,574
R (106).jpg,800,600,RipenTomato,287,163,520,478
R (107).jpg,800,600,RipenTomato,141,154,637,464
R (108).jpg,800,600,RipenTomato,625,238,749,354
R (108).jpg,800,600,RipenTomato,74,234,251,408
R (108).jpg,800,600,RipenTomato,240,251,398,401
R (108).jpg,800,600,RipenTomato,482,416,595,524
R (108).jpg,800,600,RipenTomato,248,477,370,557
R (108).jpg,800,600,RipenTomato,360,404,467,494
R (108).jpg,800,600,RipenTomato,157,501,267,594
R (109).jpg,800,600,RipenTomato,337,56,489,251
R (109).jpg,800,600,RipenTomato,75,258,223,467
R (109).jpg,800,600,RipenTomato,143,73,311,287
R (109).jpg,800,600,RipenTomato,386,236,553,444
R (109).jpg,800,600,RipenTomato,584,209,728,396
R (109).jpg,800,600,RipenTomato,470,427,641,600
R (11).jpg,800,600,RipenTomato,67,118,566,557
R (110).jpg,800,600,RipenTomato,124,125,643,600
R (111).jpg,800,600,RipenTomato,9,10,792,590
R (112).jpg,800,600,RipenTomato,340,27,551,140
R (112).jpg,800,600,RipenTomato,249,214,436,287
R (112).jpg,800,600,RipenTomato,435,251,607,345
R (112).jpg,800,600,UnripTomato,378,525,507,590
R (112).jpg,800,600,UnripTomato,265,380,415,453
R (112).jpg,800,600,UnripTomato,479,493,604,549
R (113).jpg,800,600,RipenTomato,383,249,610,473
R (113).jpg,800,600,RipenTomato,76,81,273,285
R (113).jpg,800,600,RipenTomato,563,30,781,254
R (114).jpg,800,600,RipenTomato,148,242,316,376
R (114).jpg,800,600,RipenTomato,476,231,641,399
R (114).jpg,800,600,RipenTomato,247,116,398,256
R (114).jpg,800,600,RipenTomato,312,270,474,439
R (115).jpg,800,600,RipenTomato,12,6,783,586
R (116).jpg,800,600,RipenTomato,268,273,476,506
R (116).jpg,800,600,RipenTomato,340,133,416,247
R (116).jpg,800,600,RipenTomato,53,64,298,309
R (116).jpg,800,600,RipenTomato,458,145,576,281
R (116).jpg,800,600,UnripTomato,616,140,716,274
R (116).jpg,800,600,RipenTomato,506,361,551,464
R (117).jpg,800,600,RipenTomato,152,178,481,474
R (117).jpg,800,600,RipenTomato,350,117,631,530
R (118).jpg,800,600,RipenTomato,194,114,617,503
R (119).jpg,800,600,RipenTomato,60,157,510,510
R (119).jpg,800,600,RipenTomato,340,87,699,466
R (12).jpg,800,600,RipenTomato,49,216,304,518
R (12).jpg,800,600,RipenTomato,332,234,582,497
R (12).jpg,800,600,RipenTomato,487,125,764,444
R (120).jpg,800,600,RipenTomato,323,204,457,302
R (120).jpg,800,600,RipenTomato,90,463,184,597
R (121).jpg,800,600,RipenTomato,100,171,727,553
R (122).jpg,800,600,RipenTomato,50,136,245,554
R (122).jpg,800,600,RipenTomato,255,126,310,192
R (122).jpg,800,600,RipenTomato,646,125,705,209
R (122).jpg,800,600,RipenTomato,479,518,537,589
R (122).jpg,800,600,RipenTomato,556,414,613,494
R (122).jpg,800,600,RipenTomato,611,248,645,298
R (122).jpg,800,600,RipenTomato,379,390,421,441
R (123).jpg,800,600,RipenTomato,94,198,416,479
R (123).jpg,800,600,RipenTomato,441,162,773,494
R (124).jpg,800,600,RipenTomato,49,204,398,428
R (124).jpg,800,600,RipenTomato,325,119,582,204
R (124).jpg,800,600,RipenTomato,7,6,262,174
R (125).jpg,800,600,RipenTomato,12,284,777,557
R (125).jpg,800,600,RipenTomato,317,47,769,274
R (126).jpg,800,600,RipenTomato,6,338,88,392
R (126).jpg,800,600,RipenTomato,529,257,744,403
R (126).jpg,800,600,RipenTomato,115,334,176,386
R (126).jpg,800,600,RipenTomato,234,332,438,381
R (126).jpg,800,600,RipenTomato,383,235,603,346
R (127).jpg,800,600,RipenTomato,412,160,754,454
R (127).jpg,800,600,RipenTomato,52,191,403,494
R (128).jpg,800,600,RipenTomato,313,224,415,362
R (128).jpg,800,600,RipenTomato,93,159,166,245
R (128).jpg,800,600,RipenTomato,210,386,293,454
R (128).jpg,800,600,RipenTomato,138,464,212,554
R (128).jpg,800,600,RipenTomato,221,122,279,197
R (128).jpg,800,600,RipenTomato,516,460,575,505
R (128).jpg,800,600,RipenTomato,374,32,420,95
R (128).jpg,800,600,RipenTomato,427,64,470,113
R (128).jpg,800,600,UnripTomato,163,273,224,344
R (128).jpg,800,600,UnripTomato,299,374,347,450
R (128).jpg,800,600,UnripTomato,596,220,644,294
R (129).jpg,800,600,RipenTomato,261,87,407,285
R (129).jpg,800,600,RipenTomato,536,214,667,377
R (129).jpg,800,600,RipenTomato,383,323,549,533
R (129).jpg,800,600,RipenTomato,114,7,284,158
R (129).jpg,800,600,RipenTomato,34,152,179,329
R (129).jpg,800,600,RipenTomato,237,397,380,582
R (129).jpg,800,600,RipenTomato,583,74,711,249
R (13).jpg,800,600,RipenTomato,113,134,751,540
R (130).jpg,800,600,RipenTomato,283,156,548,500
R (131).jpg,800,600,RipenTomato,137,129,677,494
R (132).jpg,800,600,RipenTomato,279,346,587,457
R (132).jpg,800,600,RipenTomato,324,484,506,545
R (132).jpg,800,600,RipenTomato,99,510,257,548
R (132).jpg,800,600,RipenTomato,117,464,252,497
R (132).jpg,800,600,RipenTomato,179,255,462,360
R (133).jpg,800,600,RipenTomato,289,106,536,342
R (134).jpg,800,600,RipenTomato,165,195,268,303
R (134).jpg,800,600,RipenTomato,514,184,633,304
R (134).jpg,800,600,RipenTomato,153,314,294,413
R (134).jpg,800,600,RipenTomato,519,312,639,406
R (135).jpg,800,600,RipenTomato,43,163,453,460
R (135).jpg,800,600,RipenTomato,387,84,799,332
R (135).jpg,800,600,RipenTomato,438,290,723,530
R (14).jpg,800,600,RipenTomato,121,179,601,514
R (15).jpg,800,600,RipenTomato,77,144,736,483
R (16).jpg,800,600,RipenTomato,69,212,391,472
R (16).jpg,800,600,RipenTomato,420,173,735,473
R (17).jpg,800,600,RipenTomato,48,122,777,475
R (18).jpg,800,600,RipenTomato,36,288,303,513
R (18).jpg,800,600,RipenTomato,293,207,534,431
R (18).jpg,800,600,RipenTomato,530,164,780,384
R (18).jpg,800,600,RipenTomato,82,149,310,352
R (19).jpg,800,600,RipenTomato,139,136,690,503
R (2).jpg,800,600,RipenTomato,7,19,773,567
R (20).jpg,800,600,RipenTomato,30,148,373,300
R (20).jpg,800,600,RipenTomato,422,207,784,390
R (20).jpg,800,600,RipenTomato,347,103,650,263
R (21).jpg,800,600,RipenTomato,65,132,335,445
R (21).jpg,800,600,RipenTomato,304,243,598,534
R (21).jpg,800,600,RipenTomato,463,92,702,365
R (22).jpg,800,600,RipenTomato,146,287,410,565
R (22).jpg,800,600,RipenTomato,237,84,477,351
R (22).jpg,800,600,RipenTomato,426,273,698,562
R (23).jpg,800,600,RipenTomato,138,68,685,546
R (24).jpg,800,600,RipenTomato,12,16,785,594
R (25).jpg,800,600,RipenTomato,92,202,417,482
R (25).jpg,800,600,RipenTomato,437,171,776,507
R (26).jpg,800,600,RipenTomato,420,183,678,474
R (26).jpg,800,600,RipenTomato,156,83,450,377
R (27).jpg,800,600,RipenTomato,159,184,466,484
R (27).jpg,800,600,RipenTomato,354,129,647,451
R (28).jpg,800,600,RipenTomato,101,171,734,556
R (29).jpg,800,600,RipenTomato,25,151,376,338
R (29).jpg,800,600,RipenTomato,420,234,787,399
R (29).jpg,800,600,RipenTomato,321,84,663,261
R (29).jpg,800,600,RipenTomato,62,280,478,455
R (3).jpg,800,600,RipenTomato,106,290,408,515
R (3).jpg,800,600,RipenTomato,355,78,667,274
R (30).jpg,800,600,RipenTomato,12,14,771,584
R (31).jpg,800,600,RipenTomato,105,310,411,508
R (31).jpg,800,600,RipenTomato,355,95,666,283
R (32).jpg,800,600,RipenTomato,49,265,444,489
R (32).jpg,800,600,RipenTomato,392,221,767,473
R (33).jpg,800,600,RipenTomato,154,187,667,484
R (34).jpg,800,600,RipenTomato,65,114,740,539
R (35).jpg,800,600,RipenTomato,62,204,299,441
R (35).jpg,800,600,RipenTomato,396,277,677,520
R (36).jpg,800,600,RipenTomato,230,216,490,544
R (36).jpg,800,600,RipenTomato,529,194,760,538
R (37).jpg,800,600,RipenTomato,126,172,687,512
R (38).jpg,800,600,RipenTomato,288,300,588,528
R (38).jpg,800,600,RipenTomato,437,175,701,392
R (38).jpg,800,600,RipenTomato,111,205,379,411
R (39).jpg,800,600,RipenTomato,100,131,567,545
R (4).jpg,800,600,RipenTomato,54,256,405,505
R (4).jpg,800,600,RipenTomato,394,219,787,480
R (40).jpg,800,600,RipenTomato,56,226,312,521
R (40).jpg,800,600,RipenTomato,328,234,592,505
R (40).jpg,800,600,RipenTomato,500,136,764,450
R (41).jpg,800,600,RipenTomato,114,128,747,550
R (42).jpg,800,600,RipenTomato,116,164,613,540
R (43).jpg,800,600,RipenTomato,97,154,718,481
R (44).jpg,800,600,RipenTomato,76,204,403,474
R (44).jpg,800,600,RipenTomato,430,162,743,465
R (45).jpg,800,600,RipenTomato,53,102,781,482
R (46).jpg,800,600,RipenTomato,45,291,307,524
R (46).jpg,800,600,RipenTomato,280,212,523,439
R (46).jpg,800,600,RipenTomato,529,166,777,384
R (46).jpg,800,600,RipenTomato,80,145,309,339
R (47).jpg,800,600,RipenTomato,132,143,698,496
R (48).jpg,800,600,RipenTomato,16,154,375,336
R (48).jpg,800,600,RipenTomato,432,202,790,394
R (49).jpg,800,600,RipenTomato,65,124,349,479
R (49).jpg,800,600,RipenTomato,292,238,599,543
R (49).jpg,800,600,RipenTomato,457,106,701,365
R (5).jpg,800,600,RipenTomato,166,205,676,495
R (50).jpg,800,600,RipenTomato,152,299,421,579
R (50).jpg,800,600,RipenTomato,418,280,706,564
R (50).jpg,800,600,RipenTomato,235,92,487,360
R (51).jpg,800,600,RipenTomato,133,73,679,553
R (52).jpg,800,600,RipenTomato,14,26,779,584
R (53).jpg,800,600,RipenTomato,94,194,420,477
R (53).jpg,800,600,RipenTomato,457,166,768,493
R (54).jpg,800,600,RipenTomato,164,73,454,410
R (54).jpg,800,600,RipenTomato,411,168,679,486
R (55).jpg,800,600,RipenTomato,153,176,488,485
R (55).jpg,800,600,RipenTomato,347,122,637,444
R (56).jpg,800,600,RipenTomato,107,164,735,564
R (57).jpg,800,600,RipenTomato,108,245,352,495
R (57).jpg,800,600,RipenTomato,290,295,629,530
R (57).jpg,800,600,RipenTomato,381,186,697,418
R (58).jpg,800,600,RipenTomato,117,95,704,557
R (59).jpg,800,600,HalfripTomato,139,234,296,413
R (59).jpg,800,600,HalfripTomato,313,146,492,336
R (59).jpg,800,600,HalfripTomato,479,260,687,430
R (59).jpg,800,600,HalfripTomato,402,422,556,552
R (59).jpg,800,600,HalfripTomato,277,312,441,470
R (6).jpg,800,600,RipenTomato,64,106,767,414
R (6).jpg,800,600,RipenTomato,462,340,690,544
R (60).jpg,800,600,RipenTomato,282,266,587,399
R (61).jpg,800,600,RipenTomato,174,91,621,344
R (62).jpg,800,600,RipenTomato,124,109,686,499
R (63).jpg,800,600,RipenTomato,92,161,173,264
R (63).jpg,800,600,RipenTomato,221,118,288,204
R (63).jpg,800,600,RipenTomato,315,218,425,382
R (63).jpg,800,600,RipenTomato,484,69,584,184
R (63).jpg,800,600,UnripTomato,161,270,231,354
R (63).jpg,800,600,UnripTomato,289,373,350,452
R (63).jpg,800,600,HalfripTomato,87,296,206,454
R (63).jpg,800,600,HalfripTomato,427,216,522,349
R (63).jpg,800,600,HalfripTomato,581,109,663,215
R (63).jpg,800,600,HalfripTomato,358,373,437,441
R (63).jpg,800,600,HalfripTomato,574,441,637,500
R (64).jpg,800,600,RipenTomato,12,174,458,300
R (64).jpg,800,600,RipenTomato,182,315,797,526
R (65).jpg,800,600,RipenTomato,32,168,283,434
R (65).jpg,800,600,RipenTomato,277,62,568,304
R (65).jpg,800,600,RipenTomato,522,167,777,484
R (65).jpg,800,600,RipenTomato,258,221,572,517
R (66).jpg,800,600,RipenTomato,375,274,479,424
R (66).jpg,800,600,RipenTomato,282,34,342,104
R (66).jpg,800,600,UnripTomato,316,104,437,197
R (66).jpg,800,600,UnripTomato,374,424,435,483
R (67).jpg,800,600,RipenTomato,197,133,451,422
R (67).jpg,800,600,RipenTomato,380,242,649,500
R (68).jpg,800,600,RipenTomato,192,114,607,505
R (69).jpg,800,600,RipenTomato,24,242,447,514
R (69).jpg,800,600,RipenTomato,376,206,781,480
R (7).jpg,800,600,RipenTomato,63,186,296,430
R (7).jpg,800,600,RipenTomato,403,292,647,532
R (7).jpg,800,600,RipenTomato,229,54,422,228
R (70).jpg,800,600,RipenTomato,50,182,298,439
R (70).jpg,800,600,RipenTomato,287,218,548,496
R (70).jpg,800,600,RipenTomato,362,136,593,367
R (71).jpg,800,600,RipenTomato,375,235,622,484
R (71).jpg,800,600,RipenTomato,86,76,266,295
R (71).jpg,800,600,RipenTomato,287,23,517,244
R (71).jpg,800,600,RipenTomato,563,33,787,247
R (72).jpg,800,600,RipenTomato,208,184,604,566
R (73).jpg,800,600,RipenTomato,17,157,244,478
R (73).jpg,800,600,RipenTomato,309,206,398,327
R (73).jpg,800,600,RipenTomato,648,122,705,204
R (73).jpg,800,600,RipenTomato,473,515,535,587
R (73).jpg,800,600,RipenTomato,554,418,617,499
R (73).jpg,800,600,RipenTomato,247,119,320,193
R (73).jpg,800,600,RipenTomato,377,389,419,441
R (74).jpg,800,600,RipenTomato,59,134,780,565
R (75).jpg,800,600,RipenTomato,207,176,653,454
R (76).jpg,800,600,RipenTomato,86,201,356,427
R (76).jpg,800,600,RipenTomato,242,45,516,299
R (76).jpg,800,600,RipenTomato,392,226,685,419
R (76).jpg,800,600,RipenTomato,7,24,230,233
R (77).jpg,800,600,RipenTomato,59,129,239,433
R (78).jpg,800,600,RipenTomato,195,19,378,198
R (78).jpg,800,600,RipenTomato,135,354,262,509
R (78).jpg,800,600,RipenTomato,627,50,795,293
R (78).jpg,800,600,RipenTomato,627,311,797,521
R (78).jpg,800,600,RipenTomato,37,182,180,391
R (79).jpg,800,600,RipenTomato,45,186,405,531
R (79).jpg,800,600,HalfripTomato,427,278,748,546
R (8).jpg,800,600,RipenTomato,220,205,474,537
R (8).jpg,800,600,RipenTomato,535,200,740,513
R (80).jpg,800,600,RipenTomato,34,17,325,162
R (80).jpg,800,600,HalfripTomato,617,133,732,271
R (80).jpg,800,600,HalfripTomato,7,343,130,464
R (80).jpg,800,600,HalfripTomato,166,350,231,411
R (80).jpg,800,600,HalfripTomato,258,395,317,458
R (80).jpg,800,600,RipenTomato,318,346,448,478
R (80).jpg,800,600,RipenTomato,385,146,514,262
R (80).jpg,800,600,RipenTomato,467,370,597,501
R (81).jpg,800,600,RipenTomato,206,133,441,404
R (81).jpg,800,600,RipenTomato,375,224,642,490
R (82).jpg,800,600,RipenTomato,13,10,763,578
R (83).jpg,800,600,RipenTomato,37,106,290,338
R (83).jpg,800,600,RipenTomato,414,50,785,533
R (83).jpg,800,600,RipenTomato,18,341,209,546
R (84).jpg,800,600,RipenTomato,55,289,287,534
R (84).jpg,800,600,RipenTomato,292,213,527,439
R (84).jpg,800,600,RipenTomato,531,155,769,389
R (85).jpg,800,600,RipenTomato,15,17,783,589
R (86).jpg,800,600,RipenTomato,13,11,738,584
R (87).jpg,800,600,RipenTomato,68,134,324,453
R (87).jpg,800,600,RipenTomato,305,244,604,543
R (87).jpg,800,600,RipenTomato,467,96,701,364
R (88).jpg,800,600,RipenTomato,143,84,683,567
R (89).jpg,800,600,RipenTomato,43,103,276,382
R (89).jpg,800,600,RipenTomato,262,156,529,434
R (89).jpg,800,600,RipenTomato,537,126,787,483
R (9).jpg,800,600,RipenTomato,134,184,684,501
R (90).jpg,800,600,RipenTomato,126,178,613,511
R (91).jpg,800,600,RipenTomato,284,300,578,513
R (91).jpg,800,600,RipenTomato,417,164,691,404
R (91).jpg,800,600,RipenTomato,118,199,387,427
R (92).jpg,800,600,RipenTomato,66,106,782,560
R (93).jpg,800,600,RipenTomato,131,176,684,464
R (94).jpg,800,600,RipenTomato,44,217,309,510
R (94).jpg,800,600,RipenTomato,336,224,596,507
R (94).jpg,800,600,RipenTomato,479,123,763,455
R (95).jpg,800,600,RipenTomato,105,129,563,524
R (96).jpg,800,600,RipenTomato,42,94,781,490
R (97).jpg,800,600,RipenTomato,89,143,748,481
R (98).jpg,800,600,RipenTomato,345,249,623,498
R (98).jpg,800,600,RipenTomato,93,154,367,434
R (98).jpg,800,600,RipenTomato,424,92,669,349
R (99).jpg,800,600,RipenTomato,21,240,444,509
R (99).jpg,800,600,RipenTomato,379,211,783,480
rt (1).jpg,800,600,RottenTomato,5,305,357,495
rt (1).jpg,800,600,RottenTomato,368,257,788,493
rt (10).jpg,800,600,RottenTomato,164,155,761,532
rt (100).jpg,800,600,RottenTomato,214,199,544,481
rt (101).jpg,800,600,RottenTomato,142,81,609,459
rt (102).jpg,800,600,RottenTomato,82,55,786,493
rt (103).jpg,800,600,RottenTomato,2,293,789,524
rt (104).jpg,800,600,RottenTomato,228,251,580,443
rt (105).jpg,800,600,RottenTomato,95,128,564,545
rt (107).jpg,800,600,RottenTomato,69,179,272,352
rt (107).jpg,800,600,RottenTomato,366,237,541,390
rt (107).jpg,800,600,UnripTomato,253,344,384,467
rt (108).jpg,800,600,RottenTomato,60,143,758,485
rt (109).jpg,800,600,RottenTomato,302,217,508,451
rt (11).jpg,800,600,RottenTomato,87,159,730,493
rt (110).jpg,800,600,RottenTomato,305,223,540,472
rt (110).jpg,800,600,RottenTomato,487,74,727,251
rt (111).jpg,800,600,RottenTomato,259,197,560,516
rt (112).jpg,800,600,RottenTomato,216,98,627,416
rt (113).jpg,800,600,RottenTomato,288,219,494,428
rt (114).jpg,800,600,RottenTomato,203,174,416,409
rt (116).jpg,800,600,RottenTomato,328,121,714,513
rt (118).jpg,800,600,RipenTomato,201,50,562,498
rt (119).jpg,800,600,RottenTomato,397,176,777,515
rt (12).jpg,800,600,RottenTomato,107,179,426,491
rt (12).jpg,800,600,RottenTomato,436,293,700,521
rt (12).jpg,800,600,RottenTomato,367,115,696,385
rt (120).jpg,800,600,RottenTomato,61,7,694,478
rt (121).jpg,800,600,RottenTomato,169,200,522,488
rt (122).jpg,800,600,RottenTomato,134,255,345,479
rt (122).jpg,800,600,RottenTomato,419,114,729,479
rt (123).jpg,800,600,RottenTomato,168,313,604,535
rt (124).jpg,800,600,RottenTomato,23,99,427,420
rt (124).jpg,800,600,RottenTomato,427,171,752,442
rt (125).jpg,800,600,RipenTomato,34,19,368,286
rt (125).jpg,800,600,RipenTomato,393,42,733,294
rt (125).jpg,800,600,RipenTomato,405,332,778,575
rt (125).jpg,800,600,RipenTomato,38,313,367,554
rt (126).jpg,800,600,RottenTomato,135,272,367,473
rt (126).jpg,800,600,RottenTomato,432,115,722,477
rt (127).jpg,800,600,RottenTomato,266,147,608,477
rt (128).jpg,800,600,RottenTomato,36,232,344,384
rt (128).jpg,800,600,RottenTomato,273,374,621,512
rt (128).jpg,800,600,RottenTomato,296,175,799,368
rt (129).jpg,800,600,RipenTomato,32,305,177,464
rt (129).jpg,800,600,RipenTomato,187,48,324,184
rt (129).jpg,800,600,RottenTomato,318,250,457,401
rt (129).jpg,800,600,RipenTomato,118,167,237,303
rt (129).jpg,800,600,RipenTomato,180,286,309,452
rt (13).jpg,800,600,RottenTomato,128,185,432,503
rt (13).jpg,800,600,RottenTomato,444,286,653,537
rt (13).jpg,800,600,RottenTomato,335,57,619,315
rt (130).jpg,800,600,RottenTomato,87,123,579,548
rt (131).jpg,800,600,RottenTomato,52,74,415,447
rt (131).jpg,800,600,RottenTomato,401,157,768,464
rt (132).jpg,800,600,RottenTomato,42,184,766,426
rt (135).jpg,800,600,RottenTomato,57,124,762,487
rt (135).jpg,800,600,RottenTomato,111,166,530,464
rt (136).jpg,800,600,RottenTomato,205,111,597,501
rt (137).jpg,800,600,RottenTomato,317,237,565,505
rt (137).jpg,800,600,RottenTomato,513,89,715,255
rt (138).jpg,800,600,RottenTomato,57,204,717,502
rt (139).jpg,800,600,RottenTomato,6,24,776,498
rt (14).jpg,800,600,RottenTomato,73,7,690,488
rt (140).jpg,800,600,RottenTomato,226,267,588,412
rt (141).jpg,800,600,RottenTomato,98,134,420,518
rt (141).jpg,800,600,RottenTomato,393,70,750,388
rt (142).jpg,800,600,RottenTomato,243,205,517,449
rt (142).jpg,800,600,RottenTomato,473,81,720,284
rt (143).jpg,800,600,RottenTomato,171,317,631,531
rt (144).jpg,800,600,RottenTomato,230,130,581,451
rt (145).jpg,800,600,RottenTomato,208,137,600,517
rt (146).jpg,800,600,RottenTomato,64,107,751,495
rt (147).jpg,800,600,RottenTomato,244,117,579,459
rt (148).jpg,800,600,RottenTomato,184,113,575,434
rt (149).jpg,800,600,RottenTomato,178,104,591,450
rt (15).jpg,800,600,RottenTomato,7,280,789,523
rt (15).jpg,800,600,RottenTomato,277,266,731,386
rt (150).jpg,800,600,RottenTomato,155,27,669,497
rt (151).jpg,800,600,RottenTomato,22,164,796,531
rt (152).jpg,800,600,RottenTomato,143,74,620,464
rt (153).jpg,800,600,RottenTomato,75,84,642,467
rt (154).jpg,800,600,RottenTomato,161,131,499,437
rt (155).jpg,800,600,RottenTomato,186,96,624,414
rt (156).jpg,800,600,RottenTomato,339,125,691,504
rt (157).jpg,800,600,RottenTomato,130,169,769,459
rt (158).jpg,800,600,RottenTomato,187,429,334,539
rt (158).jpg,800,600,RottenTomato,324,188,429,322
rt (158).jpg,800,600,RipenTomato,57,83,142,176
rt (158).jpg,800,600,RottenTomato,477,422,584,529
rt (159).jpg,800,600,RottenTomato,211,102,604,544
rt (16).jpg,800,600,RottenTomato,81,232,618,491
rt (161).jpg,800,600,RottenTomato,78,64,398,478
rt (161).jpg,800,600,RottenTomato,419,79,771,470
rt (162).jpg,800,600,RottenTomato,72,177,263,347
rt (162).jpg,800,600,RottenTomato,357,220,579,404
rt (162).jpg,800,600,UnripTomato,255,350,391,455
rt (163).jpg,800,600,RottenTomato,17,14,773,584
rt (17).jpg,800,600,RottenTomato,101,78,677,458
rt (18).jpg,800,600,RottenTomato,22,52,458,455
rt (19).jpg,800,600,RottenTomato,113,137,651,461
rt (2).jpg,800,600,RottenTomato,50,132,377,558
rt (2).jpg,800,600,RottenTomato,388,123,693,510
rt (20).jpg,800,600,RottenTomato,77,69,727,588
rt (21).jpg,800,600,RottenTomato,88,226,537,499
rt (22).jpg,800,600,RottenTomato,54,214,477,497
rt (22).jpg,800,600,RottenTomato,486,259,800,482
rt (24).jpg,800,600,RottenTomato,293,195,507,457
rt (25).jpg,800,600,RottenTomato,193,140,427,431
rt (26).jpg,800,600,RottenTomato,303,164,610,452
rt (27).jpg,800,600,RottenTomato,344,185,574,404
rt (28).jpg,800,600,RottenTomato,231,164,574,466
rt (29).jpg,800,600,RottenTomato,179,173,529,507
rt (3).jpg,800,600,RottenTomato,300,345,588,470
rt (30).jpg,800,600,RottenTomato,342,184,622,460
rt (31).jpg,800,600,RottenTomato,181,370,328,480
rt (31).jpg,800,600,RottenTomato,387,213,638,459
rt (32).jpg,800,600,RipenTomato,41,126,471,484
rt (32).jpg,800,600,RipenTomato,447,172,762,465
rt (33).jpg,800,600,RottenTomato,89,144,395,414
rt (33).jpg,800,600,RipenTomato,453,141,761,448
rt (34).jpg,800,600,RottenTomato,190,100,643,499
rt (35).jpg,800,600,RottenTomato,208,62,614,544
rt (36).jpg,800,600,RottenTomato,310,135,680,531
rt (37).jpg,800,600,RottenTomato,342,177,615,441
rt (38).jpg,800,600,RottenTomato,45,169,732,516
rt (39).jpg,800,600,RottenTomato,76,84,629,442
rt (4).jpg,800,600,RottenTomato,267,163,582,525
rt (40).jpg,800,600,RottenTomato,101,164,769,470
rt (41).jpg,800,600,RottenTomato,75,160,376,436
rt (41).jpg,800,600,RipenTomato,450,156,758,440
rt (42).jpg,800,600,RottenTomato,164,135,536,497
rt (43).jpg,800,600,RottenTomato,87,151,427,512
rt (43).jpg,800,600,RottenTomato,381,56,750,376
rt (44).jpg,800,600,RottenTomato,242,186,519,455
rt (44).jpg,800,600,RottenTomato,456,69,717,271
rt (45).jpg,800,600,RottenTomato,184,124,612,439
rt (46).jpg,800,600,RottenTomato,18,68,768,515
rt (47).jpg,800,600,RottenTomato,79,126,717,523
rt (48).jpg,800,600,RottenTomato,125,119,624,542
rt (50).jpg,800,600,RottenTomato,21,21,771,500
rt (51).jpg,800,600,RottenTomato,67,194,800,417
rt (52).jpg,800,600,RottenTomato,115,236,304,437
rt (52).jpg,800,600,RottenTomato,78,47,279,204
rt (53).jpg,800,600,RottenTomato,160,219,451,492
rt (55).jpg,800,600,RottenTomato,287,51,649,421
rt (55).jpg,800,600,RottenTomato,7,265,349,564
rt (56).jpg,800,600,RottenTomato,193,144,575,499
rt (57).jpg,800,600,RottenTomato,231,128,600,470
rt (58).jpg,800,600,RottenTomato,86,78,759,567
rt (59).jpg,800,600,RottenTomato,102,121,446,420
rt (59).jpg,800,600,RottenTomato,450,134,772,451
rt (6).jpg,800,600,RottenTomato,313,47,626,415
rt (6).jpg,800,600,RottenTomato,16,259,339,572
rt (62).jpg,800,600,RottenTomato,73,234,281,465
rt (62).jpg,800,600,RottenTomato,257,327,473,565
rt (62).jpg,800,600,RottenTomato,264,127,489,300
rt (63).jpg,800,600,RottenTomato,264,134,600,474
rt (64).jpg,800,600,RipenTomato,35,44,384,287
rt (64).jpg,800,600,RipenTomato,43,319,377,570
rt (64).jpg,800,600,RipenTomato,400,37,720,283
rt (64).jpg,800,600,RipenTomato,406,343,752,548
rt (65).jpg,800,600,RottenTomato,69,113,613,564
rt (66).jpg,800,600,RottenTomato,317,340,576,457
rt (67).jpg,800,600,RipenTomato,43,131,428,491
rt (67).jpg,800,600,RipenTomato,447,168,773,470
rt (68).jpg,800,600,RottenTomato,376,157,607,538
rt (68).jpg,800,600,RottenTomato,202,336,372,569
rt (68).jpg,800,600,RottenTomato,635,16,785,216
rt (69).jpg,800,600,RipenTomato,191,286,527,520
rt (69).jpg,800,600,RipenTomato,408,138,706,399
rt (69).jpg,800,600,RipenTomato,34,144,349,394
rt (70).jpg,800,600,RottenTomato,87,166,752,500
rt (71).jpg,800,600,RottenTomato,263,224,512,456
rt (72).jpg,800,600,RottenTomato,332,193,430,312
rt (72).jpg,800,600,RottenTomato,195,420,319,533
rt (72).jpg,800,600,RottenTomato,485,426,567,509
rt (72).jpg,800,600,RipenTomato,52,78,137,161
rt (73).jpg,800,600,RipenTomato,100,179,352,543
rt (73).jpg,800,600,RipenTomato,356,265,565,544
rt (74).jpg,800,600,RottenTomato,224,165,552,434
rt (75).jpg,800,600,RottenTomato,383,334,567,512
rt (75).jpg,800,600,RottenTomato,396,189,630,390
rt (75).jpg,800,600,RottenTomato,105,226,378,484
rt (76).jpg,800,600,RottenTomato,368,256,795,483
rt (76).jpg,800,600,RottenTomato,4,295,287,488
rt (77).jpg,800,600,RottenTomato,125,295,497,464
rt (78).jpg,800,600,RottenTomato,13,22,705,500
rt (79).jpg,800,600,RottenTomato,215,223,442,461
rt (79).jpg,800,600,RottenTomato,405,142,662,372
rt (79).jpg,800,600,RottenTomato,109,102,388,322
rt (8).jpg,800,600,RottenTomato,381,163,724,530
rt (80).jpg,800,600,RottenTomato,354,209,571,391
rt (81).jpg,800,600,RottenTomato,385,213,633,445
rt (81).jpg,800,600,RottenTomato,178,376,335,486
rt (83).jpg,800,600,RottenTomato,337,181,644,455
rt (84).jpg,800,600,RottenTomato,130,162,765,467
rt (85).jpg,800,600,RottenTomato,156,156,654,461
rt (86).jpg,800,600,RottenTomato,44,144,358,576
rt (86).jpg,800,600,RottenTomato,398,115,698,513
rt (87).jpg,800,600,RottenTomato,187,234,545,504
rt (87).jpg,800,600,RottenTomato,519,153,748,372
rt (87).jpg,800,600,RottenTomato,300,99,529,293
rt (87).jpg,800,600,RottenTomato,46,112,289,313
rt (88).jpg,800,600,RottenTomato,330,202,627,526
rt (88).jpg,800,600,RottenTomato,137,324,347,567
rt (88).jpg,800,600,UnripTomato,176,5,467,242
rt (89).jpg,800,600,RottenTomato,42,40,255,265
rt (89).jpg,800,600,RottenTomato,47,328,267,561
rt (89).jpg,800,600,RottenTomato,297,174,538,453
rt (89).jpg,800,600,RottenTomato,580,339,777,558
rt (9).jpg,800,600,RottenTomato,304,132,680,531
rt (90).jpg,800,600,RottenTomato,176,156,747,506
rt (91).jpg,800,600,RottenTomato,52,238,444,480
rt (91).jpg,800,600,RottenTomato,488,244,794,504
rt (92).jpg,800,600,RottenTomato,375,303,625,549
rt (92).jpg,800,600,RottenTomato,32,439,371,587
rt (93).jpg,800,600,RottenTomato,183,87,582,433
rt (96).jpg,800,600,RottenTomato,158,201,451,500
rt (97).jpg,800,600,RottenTomato,17,216,363,402
rt (97).jpg,800,600,RottenTomato,266,355,622,510
rt (97).jpg,800,600,RottenTomato,451,195,772,354
rt (97).jpg,800,600,RottenTomato,278,173,428,244
rt (98).jpg,800,600,RottenTomato,330,252,443,406
rt (98).jpg,800,600,RipenTomato,103,151,232,310
rt (98).jpg,800,600,RipenTomato,33,306,158,445
rt (98).jpg,800,600,RipenTomato,230,137,360,291
rt (98).jpg,800,600,RipenTomato,183,283,307,443
rt (99).jpg,800,600,RipenTomato,162,307,647,574
u (1).jpg,800,600,UnripTomato,298,258,521,499
u (1).jpg,800,600,UnripTomato,83,211,313,402
u (10).jpg,800,600,RipenTomato,549,143,717,299
u (10).jpg,800,600,RipenTomato,600,344,720,491
u (100).jpg,800,600,RipenTomato,377,288,432,345
u (100).jpg,800,600,UnripTomato,326,328,379,388
u (101).jpg,800,600,RipenTomato,11,189,419,474
u (101).jpg,800,600,UnripTomato,428,166,787,470
u (101).jpg,800,600,UnripTomato,274,497,377,584
u (101).jpg,800,600,UnripTomato,397,379,633,546
u (102).jpg,800,600,RipenTomato,183,256,376,367
u (102).jpg,800,600,UnripTomato,353,241,603,344
u (102).jpg,800,600,UnripTomato,240,373,443,464
u (102).jpg,800,600,UnripTomato,366,322,564,439
u (102).jpg,800,600,UnripTomato,3,328,250,473
u (103).jpg,800,600,UnripTomato,407,370,774,563
u (103).jpg,800,600,UnripTomato,97,251,532,442
u (104).jpg,800,600,UnripTomato,147,203,408,454
u (104).jpg,800,600,UnripTomato,425,140,709,443
u (105).jpg,800,600,UnripTomato,289,344,412,517
u (106).jpg,800,600,HalfripTomato,326,172,499,344
u (106).jpg,800,600,RipenTomato,220,313,380,461
u (106).jpg,800,600,RipenTomato,387,334,536,474
u (107).jpg,800,600,UnripTomato,266,255,434,421
u (107).jpg,800,600,UnripTomato,423,279,550,416
u (107).jpg,800,600,UnripTomato,556,276,650,372
u (108).jpg,800,600,UnripTomato,195,339,317,463
u (108).jpg,800,600,UnripTomato,433,344,549,494
u (108).jpg,800,600,UnripTomato,477,173,557,271
u (109).jpg,800,600,UnripTomato,142,211,250,354
u (109).jpg,800,600,UnripTomato,163,393,227,480
u (109).jpg,800,600,UnripTomato,269,110,326,174
u (109).jpg,800,600,HalfripTomato,303,225,417,290
u (109).jpg,800,600,RipenTomato,607,484,646,536
u (11).jpg,800,600,UnripTomato,38,126,164,324
u (11).jpg,800,600,UnripTomato,201,69,354,271
u (11).jpg,800,600,UnripTomato,263,295,407,527
u (11).jpg,800,600,UnripTomato,425,76,553,267
u (11).jpg,800,600,UnripTomato,461,246,564,453
u (11).jpg,800,600,UnripTomato,701,327,771,458
u (110).jpg,800,600,UnripTomato,201,226,602,523
u (110).jpg,800,600,UnripTomato,366,39,588,235
u (111).jpg,800,600,UnripTomato,228,289,419,491
u (111).jpg,800,600,UnripTomato,389,140,568,284
u (111).jpg,800,600,UnripTomato,447,291,577,404
u (112).jpg,800,600,RipenTomato,177,190,315,324
u (112).jpg,800,600,UnripTomato,316,15,792,522
u (112).jpg,800,600,UnripTomato,29,98,184,312
u (113).jpg,800,600,UnripTomato,361,274,490,430
u (113).jpg,800,600,UnripTomato,501,297,634,458
u (113).jpg,800,600,UnripTomato,508,28,675,199
u (114).jpg,800,600,UnripTomato,127,144,301,394
u (114).jpg,800,600,UnripTomato,335,418,555,600
u (114).jpg,800,600,RipenTomato,309,217,639,439
u (115).jpg,800,600,UnripTomato,252,277,793,579
u (116).jpg,800,600,UnripTomato,128,235,301,319
u (116).jpg,800,600,UnripTomato,294,225,453,314
u (116).jpg,800,600,UnripTomato,560,378,707,453
u (116).jpg,800,600,UnripTomato,223,84,421,177
u (117).jpg,800,600,HalfripTomato,36,295,303,584
u (117).jpg,800,600,RipenTomato,375,55,654,376
u (117).jpg,800,600,UnripTomato,249,294,500,549
u (118).jpg,800,600,UnripTomato,361,323,550,497
u (118).jpg,800,600,UnripTomato,573,15,787,226
u (118).jpg,800,600,RipenTomato,244,126,452,329
u (119).jpg,800,600,UnripTomato,123,145,384,401
u (119).jpg,800,600,UnripTomato,519,74,699,304
u (12).jpg,800,600,UnripTomato,154,224,347,416
u (12).jpg,800,600,UnripTomato,347,290,533,480
u (120).jpg,800,600,RipenTomato,220,311,410,457
u (120).jpg,800,600,RipenTomato,244,156,394,293
u (120).jpg,800,600,UnripTomato,443,331,621,485
u (120).jpg,800,600,UnripTomato,551,262,663,367
u (121).jpg,800,600,UnripTomato,369,254,600,487
u (122).jpg,800,600,UnripTomato,304,212,576,359
u (122).jpg,800,600,UnripTomato,268,362,525,483
u (122).jpg,800,600,UnripTomato,197,196,434,319
u (123).jpg,800,600,UnripTomato,247,305,380,430
u (123).jpg,800,600,UnripTomato,93,328,171,421
u (124).jpg,800,600,UnripTomato,170,54,411,317
u (124).jpg,800,600,UnripTomato,103,306,315,573
u (124).jpg,800,600,UnripTomato,323,272,509,554
u (124).jpg,800,600,UnripTomato,507,291,713,577
u (125).jpg,800,600,UnripTomato,316,222,533,418
u (125).jpg,800,600,UnripTomato,437,193,670,496
u (126).jpg,800,600,UnripTomato,488,188,629,308
u (126).jpg,800,600,UnripTomato,167,409,249,486
u (126).jpg,800,600,UnripTomato,347,304,444,403
u (127).jpg,800,600,UnripTomato,278,74,707,425
u (128).jpg,800,600,UnripTomato,347,97,697,554
u (129).jpg,800,600,UnripTomato,96,74,357,316
u (129).jpg,800,600,UnripTomato,317,241,557,471
u (129).jpg,800,600,UnripTomato,482,173,661,332
u (13).jpg,800,600,UnripTomato,304,147,411,258
u (13).jpg,800,600,UnripTomato,368,331,466,455
u (13).jpg,800,600,UnripTomato,177,251,293,376
u (13).jpg,800,600,UnripTomato,116,81,228,207
u (130).jpg,800,600,UnripTomato,329,190,457,326
u (130).jpg,800,600,UnripTomato,517,281,737,488
u (131).jpg,800,600,UnripTomato,93,142,344,376
u (132).jpg,800,600,UnripTomato,196,146,286,260
u (132).jpg,800,600,UnripTomato,378,112,518,244
u (132).jpg,800,600,UnripTomato,350,409,464,519
u (132).jpg,800,600,UnripTomato,577,179,696,315
u (132).jpg,800,600,UnripTomato,493,365,629,499
u (133).jpg,800,600,UnripTomato,336,82,557,314
u (133).jpg,800,600,UnripTomato,324,295,636,533
u (133).jpg,800,600,UnripTomato,571,101,790,365
u (134).jpg,800,600,RipenTomato,362,275,500,435
u (134).jpg,800,600,UnripTomato,31,267,210,462
u (134).jpg,800,600,UnripTomato,121,416,381,574
u (134).jpg,800,600,UnripTomato,497,205,716,435
u (135).jpg,800,600,UnripTomato,130,69,274,188
u (135).jpg,800,600,UnripTomato,134,342,231,462
u (135).jpg,800,600,UnripTomato,247,394,332,508
u (135).jpg,800,600,UnripTomato,259,147,390,284
u (136).jpg,800,600,UnripTomato,281,160,596,431
u (137).jpg,800,600,UnripTomato,145,133,403,354
u (137).jpg,800,600,UnripTomato,429,14,612,200
u (137).jpg,800,600,UnripTomato,273,395,470,544
u (138).jpg,800,600,UnripTomato,248,171,361,303
u (138).jpg,800,600,UnripTomato,298,284,405,411
u (138).jpg,800,600,UnripTomato,486,354,584,474
u (139).jpg,800,600,UnripTomato,302,237,603,368
u (139).jpg,800,600,UnripTomato,56,290,292,389
u (139).jpg,800,600,UnripTomato,379,108,601,228
u (139).jpg,800,600,UnripTomato,143,1,406,127
u (14).jpg,800,600,UnripTomato,444,176,652,366
u (14).jpg,800,600,UnripTomato,101,352,325,524
u (14).jpg,800,600,UnripTomato,547,70,740,256
u (140).jpg,800,600,UnripTomato,215,231,500,476
u (140).jpg,800,600,UnripTomato,475,163,645,319
u (141).jpg,800,600,UnripTomato,347,228,508,383
u (141).jpg,800,600,UnripTomato,597,283,718,411
u (142).jpg,800,600,UnripTomato,234,187,387,338
u (142).jpg,800,600,UnripTomato,324,78,507,254
u (142).jpg,800,600,UnripTomato,153,187,277,336
u (143).jpg,800,600,UnripTomato,162,214,299,364
u (143).jpg,800,600,UnripTomato,326,296,448,388
u (144).jpg,800,600,UnripTomato,534,145,749,375
u (144).jpg,800,600,UnripTomato,376,321,658,551
u (144).jpg,800,600,UnripTomato,319,255,440,358
u (144).jpg,800,600,UnripTomato,371,49,574,207
u (144).jpg,800,600,UnripTomato,70,360,216,493
u (144).jpg,800,600,RipenTomato,160,185,298,303
u (145).jpg,800,600,UnripTomato,107,201,312,299
u (145).jpg,800,600,UnripTomato,426,334,639,449
u (145).jpg,800,600,UnripTomato,302,241,535,354
u (145).jpg,800,600,HalfripTomato,525,71,720,185
u (145).jpg,800,600,HalfripTomato,152,48,388,168
u (146).jpg,800,600,UnripTomato,263,161,627,354
u (147).jpg,800,600,UnripTomato,130,309,357,554
u (147).jpg,800,600,UnripTomato,294,84,487,319
u (148).jpg,800,600,UnripTomato,196,50,360,260
u (148).jpg,800,600,UnripTomato,262,227,432,430
u (148).jpg,800,600,UnripTomato,374,70,510,254
u (148).jpg,800,600,UnripTomato,342,386,495,560
u (149).jpg,800,600,UnripTomato,223,111,578,307
u (15).jpg,800,600,UnripTomato,132,220,250,350
u (15).jpg,800,600,UnripTomato,165,396,225,476
u (15).jpg,800,600,UnripTomato,265,113,320,178
u (15).jpg,800,600,RipenTomato,484,241,649,360
u (150).jpg,800,600,UnripTomato,258,394,372,538
u (150).jpg,800,600,UnripTomato,362,226,512,384
u (150).jpg,800,600,UnripTomato,197,255,330,416
u (150).jpg,800,600,UnripTomato,422,131,598,274
u (151).jpg,800,600,UnripTomato,197,84,370,174
u (151).jpg,800,600,UnripTomato,262,195,447,276
u (151).jpg,800,600,UnripTomato,299,287,457,375
u (151).jpg,800,600,UnripTomato,510,334,647,401
u (151).jpg,800,600,UnripTomato,473,229,645,310
u (152).jpg,800,600,UnripTomato,228,122,596,461
u (153).jpg,800,600,UnripTomato,141,176,327,368
u (153).jpg,800,600,UnripTomato,348,133,519,304
u (154).jpg,800,600,RipenTomato,244,234,378,379
u (154).jpg,800,600,RipenTomato,502,206,664,349
u (154).jpg,800,600,UnripTomato,397,234,520,378
u (155).jpg,800,600,RipenTomato,159,249,423,522
u (155).jpg,800,600,UnripTomato,338,41,503,214
u (156).jpg,800,600,UnripTomato,250,409,394,480
u (156).jpg,800,600,UnripTomato,319,255,498,347
u (156).jpg,800,600,UnripTomato,159,230,275,285
u (156).jpg,800,600,UnripTomato,106,281,284,388
u (156).jpg,800,600,RipenTomato,371,173,537,261
u (156).jpg,800,600,RipenTomato,358,53,537,144
u (157).jpg,800,600,UnripTomato,225,218,420,383
u (157).jpg,800,600,UnripTomato,486,79,677,234
u (157).jpg,800,600,UnripTomato,419,233,615,395
u (158).jpg,800,600,UnripTomato,314,192,542,404
u (158).jpg,800,600,UnripTomato,562,39,782,211
u (158).jpg,800,600,UnripTomato,155,171,382,370
u (158).jpg,800,600,UnripTomato,528,206,758,394
u (159).jpg,800,600,UnripTomato,91,346,331,533
u (159).jpg,800,600,UnripTomato,432,154,651,368
u (159).jpg,800,600,UnripTomato,312,132,538,317
u (16).jpg,800,600,HalfripTomato,36,335,360,592
u (16).jpg,800,600,RottenTomato,296,139,626,429
u (160).jpg,800,600,HalfripTomato,220,39,467,292
u (160).jpg,800,600,RipenTomato,450,66,708,358
u (160).jpg,800,600,UnripTomato,211,341,541,563
u (161).jpg,800,600,UnripTomato,306,150,417,262
u (161).jpg,800,600,UnripTomato,367,335,467,454
u (161).jpg,800,600,UnripTomato,187,252,293,377
u (161).jpg,800,600,UnripTomato,126,74,249,200
u (162).jpg,800,600,UnripTomato,175,191,347,304
u (162).jpg,800,600,UnripTomato,483,177,597,244
u (162).jpg,800,600,UnripTomato,212,365,397,451
u (163).jpg,800,600,UnripTomato,511,246,766,505
u (163).jpg,800,600,UnripTomato,335,274,523,446
u (164).jpg,800,600,UnripTomato,321,294,519,498
u (164).jpg,800,600,UnripTomato,114,216,346,424
u (165).jpg,800,600,UnripTomato,314,393,450,547
u (165).jpg,800,600,UnripTomato,252,48,418,205
u (165).jpg,800,600,UnripTomato,141,205,268,340
u (166).jpg,800,600,UnripTomato,415,186,605,383
u (167).jpg,800,600,UnripTomato,187,144,451,377
u (168).jpg,800,600,UnripTomato,232,334,446,440
u (168).jpg,800,600,UnripTomato,126,374,329,475
u (169).jpg,800,600,UnripTomato,193,50,333,203
u (169).jpg,800,600,RipenTomato,216,294,372,466
u (17).jpg,800,600,UnripTomato,357,238,612,532
u (17).jpg,800,600,UnripTomato,189,232,391,462
u (170).jpg,800,600,UnripTomato,527,114,659,230
u (170).jpg,800,600,UnripTomato,437,361,567,460
u (170).jpg,800,600,UnripTomato,386,48,527,146
u (170).jpg,800,600,UnripTomato,493,242,633,335
u (170).jpg,800,600,UnripTomato,247,408,397,496
u (171).jpg,800,600,UnripTomato,83,200,357,446
u (171).jpg,800,600,UnripTomato,489,264,603,389
u (172).jpg,800,600,UnripTomato,198,158,610,444
u (173).jpg,800,600,UnripTomato,99,159,341,388
u (174).jpg,800,600,UnripTomato,436,117,567,255
u (174).jpg,800,600,UnripTomato,437,368,577,532
u (174).jpg,800,600,UnripTomato,571,308,726,481
u (175).jpg,800,600,UnripTomato,500,89,661,260
u (175).jpg,800,600,UnripTomato,249,220,417,386
u (175).jpg,800,600,UnripTomato,433,236,604,394
u (175).jpg,800,600,UnripTomato,605,224,769,374
u (176).jpg,800,600,RipenTomato,358,269,497,442
u (176).jpg,800,600,UnripTomato,507,230,709,407
u (176).jpg,800,600,UnripTomato,131,413,392,576
u (176).jpg,800,600,UnripTomato,37,266,219,464
u (177).jpg,800,600,UnripTomato,498,308,719,566
u (177).jpg,800,600,UnripTomato,178,60,404,318
u (177).jpg,800,600,UnripTomato,87,308,312,571
u (177).jpg,800,600,UnripTomato,321,289,499,533
u (178).jpg,800,600,HalfripTomato,317,185,507,343
u (178).jpg,800,600,RipenTomato,223,306,389,470
u (178).jpg,800,600,RipenTomato,395,339,535,476
u (179).jpg,800,600,UnripTomato,74,202,333,438
u (179).jpg,800,600,UnripTomato,484,274,607,391
u (18).jpg,800,600,RipenTomato,379,288,432,351
u (18).jpg,800,600,RipenTomato,266,267,317,321
u (18).jpg,800,600,HalfripTomato,325,325,380,387
u (180).jpg,800,600,UnripTomato,521,248,751,493
u (180).jpg,800,600,UnripTomato,339,281,512,476
u (181).jpg,800,600,RipenTomato,181,200,312,333
u (181).jpg,800,600,UnripTomato,397,68,599,258
u (181).jpg,800,600,UnripTomato,347,397,483,534
u (181).jpg,800,600,UnripTomato,578,204,714,336
u (181).jpg,800,600,UnripTomato,174,318,369,476
u (182).jpg,800,600,UnripTomato,334,91,497,267
u (182).jpg,800,600,UnripTomato,242,193,362,327
u (182).jpg,800,600,UnripTomato,147,196,269,331
u (183).jpg,800,600,UnripTomato,199,147,446,374
u (184).jpg,800,600,UnripTomato,279,363,416,498
u (185).jpg,800,600,UnripTomato,148,210,319,358
u (185).jpg,800,600,UnripTomato,57,14,121,72
u (185).jpg,800,600,UnripTomato,330,286,403,373
u (186).jpg,800,600,UnripTomato,321,295,505,495
u (186).jpg,800,600,UnripTomato,134,199,329,411
u (187).jpg,800,600,UnripTomato,216,86,427,186
u (187).jpg,800,600,UnripTomato,292,221,467,300
u (187).jpg,800,600,UnripTomato,142,244,292,340
u (188).jpg,800,600,UnripTomato,152,148,379,334
u (188).jpg,800,600,UnripTomato,278,405,467,537
u (188).jpg,800,600,UnripTomato,537,172,765,350
u (188).jpg,800,600,UnripTomato,14,255,173,413
u (188).jpg,800,600,UnripTomato,83,411,273,590
u (189).jpg,800,600,RipenTomato,253,130,455,315
u (189).jpg,800,600,UnripTomato,361,300,551,507
u (189).jpg,800,600,UnripTomato,587,31,783,231
u (19).jpg,800,600,UnripTomato,205,305,427,496
u (19).jpg,800,600,UnripTomato,416,199,609,410
u (19).jpg,800,600,UnripTomato,172,116,376,306
u (190).jpg,800,600,HalfripTomato,19,263,487,524
u (191).jpg,800,600,UnripTomato,291,347,444,501
u (191).jpg,800,600,UnripTomato,567,235,712,363
u (191).jpg,800,600,UnripTomato,644,42,799,215
u (192).jpg,800,600,RipenTomato,228,294,407,463
u (192).jpg,800,600,HalfripTomato,420,132,565,214
u (192).jpg,800,600,HalfripTomato,447,322,617,487
u (193).jpg,800,600,UnripTomato,144,75,380,352
u (193).jpg,800,600,UnripTomato,442,264,668,500
u (193).jpg,800,600,UnripTomato,179,396,388,591
u (194).jpg,800,600,UnripTomato,318,195,540,406
u (194).jpg,800,600,UnripTomato,567,30,771,239
u (194).jpg,800,600,UnripTomato,530,210,733,390
u (195).jpg,800,600,UnripTomato,344,272,521,414
u (195).jpg,800,600,UnripTomato,588,317,727,450
u (196).jpg,800,600,UnripTomato,134,223,339,469
u (196).jpg,800,600,UnripTomato,368,324,557,520
u (196).jpg,800,600,UnripTomato,466,203,669,347
u (197).jpg,800,600,UnripTomato,192,340,310,452
u (197).jpg,800,600,UnripTomato,437,360,546,465
u (197).jpg,800,600,UnripTomato,465,181,561,281
u (198).jpg,800,600,UnripTomato,224,290,484,496
u (198).jpg,800,600,UnripTomato,390,144,577,288
u (199).jpg,800,600,UnripTomato,377,109,503,230
u (199).jpg,800,600,UnripTomato,343,406,454,518
u (199).jpg,800,600,UnripTomato,567,184,698,314
u (199).jpg,800,600,UnripTomato,485,364,614,486
u (199).jpg,800,600,UnripTomato,187,24,267,111
u (2).jpg,800,600,UnripTomato,296,236,603,357
u (2).jpg,800,600,UnripTomato,157,7,388,127
u (2).jpg,800,600,UnripTomato,66,302,286,390
u (20).jpg,800,600,UnripTomato,266,254,430,412
u (20).jpg,800,600,UnripTomato,548,277,645,367
u (21).jpg,800,600,RipenTomato,129,197,386,343
u (21).jpg,800,600,RipenTomato,213,108,398,208
u (21).jpg,800,600,RipenTomato,304,401,517,525
u (21).jpg,800,600,RipenTomato,501,130,717,244
u (21).jpg,800,600,RipenTomato,479,233,709,353
u (22).jpg,800,600,UnripTomato,624,219,772,381
u (23).jpg,800,600,UnripTomato,90,253,427,530
u (23).jpg,800,600,UnripTomato,447,251,717,505
u (23).jpg,800,600,UnripTomato,276,120,559,332
u (23).jpg,800,600,UnripTomato,579,104,759,310
u (24).jpg,800,600,UnripTomato,369,262,567,479
u (25).jpg,800,600,UnripTomato,305,224,545,443
u (25).jpg,800,600,UnripTomato,569,33,779,225
u (25).jpg,800,600,UnripTomato,528,219,737,427
u (25).jpg,800,600,UnripTomato,147,192,367,384
u (26).jpg,800,600,UnripTomato,276,151,642,374
u (27).jpg,800,600,UnripTomato,274,299,461,474
u (27).jpg,800,600,UnripTomato,320,20,407,122
u (27).jpg,800,600,UnripTomato,399,145,511,227
u (28).jpg,800,600,UnripTomato,391,51,492,135
u (28).jpg,800,600,UnripTomato,524,130,663,226
u (28).jpg,800,600,UnripTomato,488,229,622,334
u (28).jpg,800,600,UnripTomato,447,356,583,483
u (29).jpg,800,600,UnripTomato,129,144,357,420
u (29).jpg,800,600,UnripTomato,520,86,703,313
u (3).jpg,800,600,UnripTomato,238,143,599,451
u (30).jpg,800,600,UnripTomato,257,57,387,200
u (30).jpg,800,600,UnripTomato,139,202,274,343
u (30).jpg,800,600,UnripTomato,319,394,457,557
u (31).jpg,800,600,UnripTomato,148,7,475,339
u (31).jpg,800,600,UnripTomato,443,242,690,533
u (32).jpg,800,600,UnripTomato,201,199,394,345
u (32).jpg,800,600,UnripTomato,370,229,602,384
u (33).jpg,800,600,UnripTomato,264,155,769,382
u (34).jpg,800,600,UnripTomato,359,79,664,551
u (35).jpg,800,600,UnripTomato,317,241,687,470
u (36).jpg,800,600,HalfripTomato,442,75,734,182
u (36).jpg,800,600,RipenTomato,147,21,395,144
u (36).jpg,800,600,HalfripTomato,54,136,368,239
u (36).jpg,800,600,UnripTomato,543,488,797,597
u (37).jpg,800,600,RipenTomato,473,81,697,359
u (37).jpg,800,600,HalfripTomato,214,69,452,262
u (37).jpg,800,600,UnripTomato,215,344,525,564
u (38).jpg,800,600,UnripTomato,517,292,701,462
u (38).jpg,800,600,UnripTomato,331,194,453,316
u (39).jpg,800,600,UnripTomato,396,141,539,339
u (39).jpg,800,600,UnripTomato,487,273,651,456
u (4).jpg,800,600,UnripTomato,200,50,327,208
u (4).jpg,800,600,RipenTomato,230,290,371,453
u (40).jpg,800,600,UnripTomato,294,239,527,421
u (40).jpg,800,600,UnripTomato,62,180,308,345
u (40).jpg,800,600,UnripTomato,387,403,609,540
u (41).jpg,800,600,UnripTomato,342,241,517,370
u (41).jpg,800,600,UnripTomato,592,281,716,411
u (42).jpg,800,600,UnripTomato,361,278,488,407
u (42).jpg,800,600,UnripTomato,498,306,636,464
u (42).jpg,800,600,UnripTomato,397,155,542,304
u (43).jpg,800,600,RipenTomato,371,38,650,384
u (43).jpg,800,600,HalfripTomato,35,307,293,586
u (44).jpg,800,600,UnripTomato,337,91,552,318
u (44).jpg,800,600,UnripTomato,344,306,624,539
u (44).jpg,800,600,UnripTomato,557,89,795,379
u (45).jpg,800,600,RipenTomato,429,251,632,467
u (45).jpg,800,600,UnripTomato,136,210,309,414
u (45).jpg,800,600,UnripTomato,338,421,520,599
u (46).jpg,0,0,UnripTomato,205,244,587,561
